Link;Location
https://www.linkedin.com/company/10054135;Raadhuisstraat 21/B, Breda, North Brabant 4835 JA, NL
https://www.linkedin.com/company/10088595;Köln, NRW
https://www.linkedin.com/company/10088595;Köln, NRW
https://www.linkedin.com/company/10115443;Landsbergerstr. 300, Munich, Bavaria 80687, DE
https://www.linkedin.com/company/10137316;Heidenheim, Baden-Wuerttemberg
https://www.linkedin.com/company/10188396;!!!!!! Error !!!!!!!
https://www.linkedin.com/company/10254546;Torenlaan 1K1, Laren,  1251 HE, NL
https://www.linkedin.com/company/10272110;Frankfurt, Hesse
https://www.linkedin.com/company/10294256;Kapelweg 5, Utrecht, Utrecht 3566 MK, NL
https://www.linkedin.com/company/103193;Cornelis van der Lelylaan 1, Maassluis, South Holland 3147, NL
https://www.linkedin.com/company/10348996;Römerstraße 135, Heidelberg, Baden-Württemberg  DE
https://www.linkedin.com/company/10351887;!!!!!! Error !!!!!!!
https://www.linkedin.com/company/10362461;Rivium Westlaan 19, Gebouw D, Capelle aan den IJssel, Zuid Holland 2909 LD, NL
https://www.linkedin.com/company/10383397;Industrivej Vest, Vejen, South Denmark 6600, DK
https://www.linkedin.com/company/10454941;Drottninggatan 25, Stockholm,   SE
https://www.linkedin.com/company/10456432;Kleverparkweg 55, Haarlem, Noord-Holland 2023 CB, NL
https://www.linkedin.com/company/10497539;Bruxelles
https://www.linkedin.com/company/1054905;!!!!!! Error !!!!!!!
https://www.linkedin.com/company/10660;Wageningen, Gelderland
https://www.linkedin.com/company/10728;Utrecht, Utrecht
https://www.linkedin.com/company/10728;Utrecht, Utrecht
https://www.linkedin.com/company/1076249;Brussels, Brussels Region
https://www.linkedin.com/company/10859291;Offenburg
https://www.linkedin.com/company/10860233;Laan van Hoornwijck 55, Rijswijk,  2289 DG, NL
https://www.linkedin.com/company/10870672;Maastricht, Limburg
https://www.linkedin.com/company/1088608;Kennedyplein 200, Eindhoven, Noord-Brabant 5611, NL
https://www.linkedin.com/company/1091048;Frankfurt
https://www.linkedin.com/company/1092071;Rotterdam
https://www.linkedin.com/company/1092987;Amsterdam, North Holland
https://www.linkedin.com/company/10974419;Bieremalaan 11, The Hague,   NL
https://www.linkedin.com/company/11063508;Via Evangelista Torricelli, 37, Torino, TO 10129, IT
https://www.linkedin.com/company/1107517;Riesstr. 25, München,  80992, DE
https://www.linkedin.com/company/11159144;34 E 67th Street , New York , New York 10065, US
https://www.linkedin.com/company/11334961;Hofstraat 167, Eindhoven, Noord-Brabant 5641 TD, NL
https://www.linkedin.com/company/11350915;Rosenheimer Straße 143c, München, Bayern 81671, DE
https://www.linkedin.com/company/11362970;Amsterdam, Noord-Holland
https://www.linkedin.com/company/11389366;Dammtorstraße 30, Hamburg, Hamburg 20354, DE
https://www.linkedin.com/company/11393520;Nordkanalstraße 28, Hamburg,  20097, DE
https://www.linkedin.com/company/1139465;Brilon, NRW
https://www.linkedin.com/company/11405083;!!!!!! Error !!!!!!!
https://www.linkedin.com/company/11477;De Kleetlaan 7a, Diegem, Région flamande 1831, BE
https://www.linkedin.com/company/115950;São José dos Campos, SP
https://www.linkedin.com/company/11711819;Rosenheimer Str. 145b, München, Bayern 81671, DE
https://www.linkedin.com/company/11738051;Haachtsesteenweg 672, Kampenhout, Belgium 1910, BE
https://www.linkedin.com/company/11795235;Stuttgart, Baden-Württemberg
https://www.linkedin.com/company/11820307;Mergenthaler Allee 15-21, Eschborn, Hessen 65760, DE
https://www.linkedin.com/company/11860418;Abe Lenstrastraat 5, Weesp, North Holland 1382 NC, NL
https://www.linkedin.com/company/11879;Vianen, Utrecht
https://www.linkedin.com/company/118859;Haar, BY
https://www.linkedin.com/company/1193864;AWANS, Belgique
https://www.linkedin.com/company/1210652;Zug
https://www.linkedin.com/company/1211;Den Haag, .
https://www.linkedin.com/company/1240285;Reitergasse 11, Zurich, Zürich 8004, CH
https://www.linkedin.com/company/1246493;Frankfurt, Hessen
https://www.linkedin.com/company/1256298;Wibautstraat 135-139, Amsterdam,  1097 DN, NL
https://www.linkedin.com/company/12595581;!!!!!! Error !!!!!!!
https://www.linkedin.com/company/12618432;Oulu
https://www.linkedin.com/company/12624924;Isaac Asscherpad 11, Amsterdam, North Holland 1096, NL
https://www.linkedin.com/company/1264275;Berchem
https://www.linkedin.com/company/12659379;Arnhem, Gelderland
https://www.linkedin.com/company/12782114;Bielefeld, Nordrhein-Westfalen
https://www.linkedin.com/company/1281172;Stockholm
https://www.linkedin.com/company/1297952;Tübingen, Baden-Württemberg
https://www.linkedin.com/company/13008823;Dreifürstensteinstraße 3, Mössingen, Baden-Württemberg 72116, DE
https://www.linkedin.com/company/13025150;München, Bayern 81371, DE
https://www.linkedin.com/company/13052198;Innsbrucker Ring 15, München, Bayern 81637, DE
https://www.linkedin.com/company/1330687;De Bouw 149, Houten,  3991 SZ, NL
https://www.linkedin.com/company/1353;!!!!!! Error !!!!!!!
https://www.linkedin.com/company/1355;Bonn
https://www.linkedin.com/company/135570;Haarlem, Noord Holland
https://www.linkedin.com/company/1362882;Stockholm, Stockholm County
https://www.linkedin.com/company/13959;Sint-Lambrechts-Woluwe, Brussel
https://www.linkedin.com/company/14126;Neptunigatan 1, Malmö,  211 20, SE
https://www.linkedin.com/company/141445;Am Brauhaus, Dresden, Sachsen 01099, DE
https://www.linkedin.com/company/14491;Helsinki
https://www.linkedin.com/company/1454862;120 Drumcondra Road Upper, Dublin, Dublin D09 T6P7, IE
https://www.linkedin.com/company/14692;Gent, Oost-Vlaanderen
https://www.linkedin.com/company/14837923;Bottrop, NRW
https://www.linkedin.com/company/15091817;Juri-Gagarin-Ring 152, Erfurt, Thueringen 99084, DE
https://www.linkedin.com/company/15182168;Hof ter Bergen 23, Bergambacht,  2861 DR, NL
https://www.linkedin.com/company/15188450;Kukkumäenrinne, Espoo, Espoo 02280, FI
https://www.linkedin.com/company/15201904;Oranienstraße 25, Berlin,  10999, DE
https://www.linkedin.com/company/15310;Zürich, ZH
https://www.linkedin.com/company/1551793;Zwaansprengweg 20, Apeldoorn,  7332 BE, NL
https://www.linkedin.com/company/156574;Wien, Wien
https://www.linkedin.com/company/157258;Austin, Texas
https://www.linkedin.com/company/15749;Goettingen, Niedersachsen
https://www.linkedin.com/company/15823507;!!!!!! Error !!!!!!!
https://www.linkedin.com/company/16164069;!!!!!! Error !!!!!!!
https://www.linkedin.com/company/16177796;Interleuvenlaan 40, Leuven, Flemish Region 3001, BE
https://www.linkedin.com/company/16181548;Dreieich Plaza 1A, Dreieich, Hessen 63303, DE
https://www.linkedin.com/company/1620045;Arnsberg, Nordrhein-Westfalen
https://www.linkedin.com/company/1620045;Arnsberg, Nordrhein-Westfalen
https://www.linkedin.com/company/16213141;Headquarters, Munich,   DE
https://www.linkedin.com/company/16243582;Amiralsgatan 4, Malmö, Skane County  SE
https://www.linkedin.com/company/16243582;Amiralsgatan 4, Malmö, Skane County  SE
https://www.linkedin.com/company/16266265;Söflinger Str. 218, Ulm, Baden Württemberg 89077, DE
https://www.linkedin.com/company/163297;Cambridge, MA
https://www.linkedin.com/company/164768;Amsterdam , Noord-Holland
https://www.linkedin.com/company/1652705;Putten
https://www.linkedin.com/company/1659693;Jonkerbosplein 52, 17th floor, Nijmegen, Gelderland 6534 AB, NL
https://www.linkedin.com/company/166081;Koning Albert II Laan, Saint-Josse-ten-Noode, Brussels Region 1210, BE
https://www.linkedin.com/company/166451;Tilburg, North Brabant
https://www.linkedin.com/company/1667788;Berlin, Berlin
https://www.linkedin.com/company/16704;Espoo, Kuopio, Stockholm, Gothenburg, Malmö, Västerås, Örebro, Oslo
https://www.linkedin.com/company/1680;Teaneck, New Jersey
https://www.linkedin.com/company/1751687;Patamäenkatu 7, Tampere, Other 33900, FI
https://www.linkedin.com/company/17928494;Rietveldenweg 98, Den-Bosch, Noord-Brabant 5222 AS, NL
https://www.linkedin.com/company/17948261;Schönhauser Allee 148, Berlin, Berlin 10435, DE
https://www.linkedin.com/company/17990020;Hardenbergstraße 32, Berlin, Berlin 10623, DE
https://www.linkedin.com/company/17999639;Meester Treublaan 7, Amsterdam, Noord-Holland 1097 DP, NL
https://www.linkedin.com/company/18002878;Arnehemseweg 2, Amersfoort, Utrecht 3817 CH, NL
https://www.linkedin.com/company/18009365;Bondegatan 21, Stockholm,  116 33, SE
https://www.linkedin.com/company/18011269;Aalsmeer, Noord-Holland
https://www.linkedin.com/company/18039473;Koning Albert II Laan 37, Schaerbeek, Brussels Region 1030, BE
https://www.linkedin.com/company/18091129;Charlottenburger Allee 40, Aachen, Nordrhein- Westfalen 52068, DE
https://www.linkedin.com/company/18113657;!!!!!! Error !!!!!!!
https://www.linkedin.com/company/18121817;NL
https://www.linkedin.com/company/18127187;Van Diemenstraat 76, Amsterdam, North Holland 1013 CN, NL
https://www.linkedin.com/company/18130653;Anthony Fokkerweg 61, Amsterdam, North Holland 1059, NL
https://www.linkedin.com/company/18139384;Louis Braillelaan 80, Zoetermeer, South Holland 2719 EK, NL
https://www.linkedin.com/company/18223802;Marktplatz 1, Kleinmachnow, Brandenburg 14532, DE
https://www.linkedin.com/company/18292649;Strassburger Strasse 18, Berlin,  10405, DE
https://www.linkedin.com/company/18322965;Folke Bernadottes vei 38, Bergen, Hordaland 5147 , NO
https://www.linkedin.com/company/18333904;Takomotie, 1-3, Helsinki, Southern Finland 00380, FI
https://www.linkedin.com/company/18339708;Jungstraße 32, Berlin,  10247, DE
https://www.linkedin.com/company/18567399;München, Bayern
https://www.linkedin.com/company/18581566;Dingolfinger Straße 9, München, Bayern 81673, DE
https://www.linkedin.com/company/1860;New York, NY
https://www.linkedin.com/company/18678138;Düsseldorf, North Rhine-Westphalia
https://www.linkedin.com/company/18713599;Sonneggstrasse 76, Zurich,  8006, CH
https://www.linkedin.com/company/18753526;Tuborgvej 5, Hellerup, Capital Region 2900, DK
https://www.linkedin.com/company/18828803;Brabantlaan 3, 's-Hertogenbosch, Noord-Brabant 5216, NL
https://www.linkedin.com/company/1902377;Balanstraße 71a, München, Bayern 81541, DE
https://www.linkedin.com/company/1916367;S. Blasieholmshamnen 8, P.O. Box 16424, Stockholm, Stockholm SE-103 27, SE
https://www.linkedin.com/company/19171164;Kontich, Flemish Region
https://www.linkedin.com/company/19171164;Kontich, Flemish Region
https://www.linkedin.com/company/1932600;!!!!!! Error !!!!!!!
https://www.linkedin.com/company/1939740;Lübeckstraat 19, Oldenzaal, Overijssel 7575EE, NL
https://www.linkedin.com/company/1954103;Rossland, BC
https://www.linkedin.com/company/1986954;69, Rue de Richelieu, Paris, Île-de-France 75002, FR
https://www.linkedin.com/company/1994901;Gertigstr 26, Hamburg, Deutschland 22303, DE
https://www.linkedin.com/company/19950;Utrecht, Nederland
https://www.linkedin.com/company/201908;Huizingen, Brussels
https://www.linkedin.com/company/20543897;Vallgatan 3, Göteborg, Vastra Gotaland County 411 16, SE
https://www.linkedin.com/company/20764;Vesterbrogade 5, København,  DK-1502, DK
https://www.linkedin.com/company/2107927;Wallisellen
https://www.linkedin.com/company/211876;Amsterdam, Noord-Holland
https://www.linkedin.com/company/212201;!!!!!! Error !!!!!!!
https://www.linkedin.com/company/215142;46,146 followers
https://www.linkedin.com/company/2219059;Rooseveltlaan 150, Bergen op Zoom, Noord-Brabant  NL
https://www.linkedin.com/company/22432;Chicago, IL
https://www.linkedin.com/company/2271672;Frankfurt, Hesse
https://www.linkedin.com/company/2288310;Ecofactorij 20, Apeldoorn,  7325WC, NL
https://www.linkedin.com/company/235419;One Technology Park Drive, Westford, MA 01886, US
https://www.linkedin.com/company/2396193;!!!!!! Error !!!!!!!
https://www.linkedin.com/company/24064;København V, Capital Region
https://www.linkedin.com/company/2408284;Schoonmansveld 48, Industriezone Puurs 534, Puurs,  2870, BE
https://www.linkedin.com/company/2429005;Zwolle, Overijssel
https://www.linkedin.com/company/2429005;Zwolle, Overijssel
https://www.linkedin.com/company/2471137;Oslo, Oslo
https://www.linkedin.com/company/24781;Hoofddorp, North Holland
https://www.linkedin.com/company/24893;Madison, Wisconsin
https://www.linkedin.com/company/249134;Joseph Haydnlaan 2a, Utrecht,  3503 RM, NL
https://www.linkedin.com/company/24983585;Zwolle,   NL
https://www.linkedin.com/company/25074176;Brussels, Vlaams-Brabant
https://www.linkedin.com/company/25226;Frechen, NRW
https://www.linkedin.com/company/2537299;Lilienthalallee 26, Munich, Bavaria 80939, DE
https://www.linkedin.com/company/2553063;Wetzlar, Hessen
https://www.linkedin.com/company/2561273;Lyoner Straße 9, Frankfurt am Main, Hessen 60528, DE
https://www.linkedin.com/company/2561393;Amsterdam
https://www.linkedin.com/company/2575431;Mannheim
https://www.linkedin.com/company/26071;Suikersilo-West 27, Halfweg, North Holland 1165MP, NL
https://www.linkedin.com/company/26266585;Utrecht, Utrecht 3971AK, NL
https://www.linkedin.com/company/2633426;Le Noirmont, JU
https://www.linkedin.com/company/26365;Landskrona, Skåne
https://www.linkedin.com/company/2637467;Takkebijsters 59, Breda, Noord-Brabant 4817 BL, NL
https://www.linkedin.com/company/2640913;København K, København
https://www.linkedin.com/company/2651075;Lysaker
https://www.linkedin.com/company/2702638;Prins Bernhardplein 200, Amsterdam,  1079 JB, NL
https://www.linkedin.com/company/27091659;Brussels, Brussels
https://www.linkedin.com/company/27232261;Rue du Commerce 31, Brussels, Brussels Region 1000, BE
https://www.linkedin.com/company/277601;Prins Bernhardplein 173, 1097 BL, Amsterdam, Noord Holland  NL
https://www.linkedin.com/company/2777254;Ritterstraße 12-14, Berlin,  10969, DE
https://www.linkedin.com/company/2780036;ALKMAAR
https://www.linkedin.com/company/27861;Brussels, Brussels
https://www.linkedin.com/company/2791979;Nieuwe Herengracht 18, Amsterdam, North Holland  NL
https://www.linkedin.com/company/2833585;Parklaan 30, Rotterdam, Zuid-Holland 3016, NL
https://www.linkedin.com/company/2848428;Ghent
https://www.linkedin.com/company/28590;Vårby, Stockholm
https://www.linkedin.com/company/28884945;!!!!!! Error !!!!!!!
https://www.linkedin.com/company/29026945;Graz, Styria
https://www.linkedin.com/company/2912258;Zurich, Zurich
https://www.linkedin.com/company/292667;Brünner Straße 52, Wien,  1210, AT
https://www.linkedin.com/company/2935759;Freiburg, Baden-Württemberg
https://www.linkedin.com/company/293828;!!!!!! Error !!!!!!!
https://www.linkedin.com/company/296063;Baarerstrasse 113a, Zug,  6300, CH
https://www.linkedin.com/company/2980658;Dallgow-Döberitz, Brandenburg
https://www.linkedin.com/company/2987018;Thomas-Mann-Strasse 16-20, Nürnberg,  90471, DE
https://www.linkedin.com/company/2998739;Lodderstraat 16, Bornem, Antwerpen 2880, BE
https://www.linkedin.com/company/2hand-ltd/about;Blandford Forum,   GB
https://www.linkedin.com/company/3019846;München
https://www.linkedin.com/company/302911;Lindetorpsvägen 7, P.O. Box 10700, Stockholm,  121 29, SE
https://www.linkedin.com/company/303185;Utrecht
https://www.linkedin.com/company/303205;Duisburg, Nordrhein-Westfalen
https://www.linkedin.com/company/3049699;Amsterdam, Noord Holland
https://www.linkedin.com/company/30708094;Tal 15, München, Bayern 80331, DE
https://www.linkedin.com/company/3102;Franklin Lakes, New Jersey
https://www.linkedin.com/company/310862;London
https://www.linkedin.com/company/31189990;221 Roswell St, 172, Alpharetta, Georgia 30009, US
https://www.linkedin.com/company/31345134;Amsterdam,   NL
https://www.linkedin.com/company/3181775;Kölner Straße 12, Eschborn, Hessen 65760, DE
https://www.linkedin.com/company/32130;Louvain-la-Neuve
https://www.linkedin.com/company/3248758;Schönhauser Allee 53, Berlin,  10437, DE
https://www.linkedin.com/company/33229664;Altstetterstrasse 149, Zürich, Zürich 8048, CH
https://www.linkedin.com/company/33248546;Cederstraat 58, Ghent, Flemish Region 9000, BE
https://www.linkedin.com/company/3338576;Berlin
https://www.linkedin.com/company/339096;Copenhagen K
https://www.linkedin.com/company/34219469;Europalaan 500, Utrecht,   NL
https://www.linkedin.com/company/34227327;Ghent, Flemish Region
https://www.linkedin.com/company/34653537;Friedrich Ebert Anlage 36, Frankfurt am Main , Hessen 60325, DE
https://www.linkedin.com/company/34692046;Rijnzathe 8, De Meern, Utrecht 3454, NL
https://www.linkedin.com/company/3506042;Snarøyveien 30, Fornebu, Norway 1360, NO
https://www.linkedin.com/company/351596;Stationsplein 139 (2e verdieping), 3818 LE, Amersfoort,  3818 LE, NL
https://www.linkedin.com/company/3516842;Barend en van Dorpweg 2, Hilversum, Utrecht 1217 WP, NL
https://www.linkedin.com/company/3526853;Route du Lac 3, Paudex,  1094, CH
https://www.linkedin.com/company/35471625;Klostergatan 10, Innerstaden, Uppsala län 753 21, SE
https://www.linkedin.com/company/35472703;Ridderpoort 18, Ridderkerk, Zuid-Holland 2984 BG, NL
https://www.linkedin.com/company/35479358;Sint-Pietersvliet 7, Antwerp, Flemish Region 2000, BE
https://www.linkedin.com/company/35504448;Hanzestraat 1, Doetinchem, Gelderland 7006 RH, NL
https://www.linkedin.com/company/35613926;Berlin, Berlin 10437, DE
https://www.linkedin.com/company/359525;Buchholz i.d.N.
https://www.linkedin.com/company/360dialog/about;Torstraße 61, Berlin,  10119, DE
https://www.linkedin.com/company/36141908;Innsbruck
https://www.linkedin.com/company/3633342;Stórhöfđi 23, Reykjavik,  110, IS
https://www.linkedin.com/company/364492;Lisboa
https://www.linkedin.com/company/367327;Koningsstraat 151, Brussel,  1210, BE
https://www.linkedin.com/company/367430;Klara Södra Kyrkogata 18, Stockholm,  113 88, SE
https://www.linkedin.com/company/3693020;Av. Dr. Chucri Zaidan, 1550 - conj. 2503 - Vila Cordeiro, São Paulo, SP 04552-000, BR
https://www.linkedin.com/company/36984228;Nabeul
https://www.linkedin.com/company/379328;Gothersgade, 14, 4th floor, Copenhagen K,  1123, DK
https://www.linkedin.com/company/3810745;!!!!!! Error !!!!!!!
https://www.linkedin.com/company/381805;Waldorpstraat 60, Den Haag,  2521 CC, NL
https://www.linkedin.com/company/3847185;München, Bayern
https://www.linkedin.com/company/3849329;!!!!!! Error !!!!!!!
https://www.linkedin.com/company/3852309;Alte Chaussee 127, Kruft, Rheinland-Pfalz 56642, DE
https://www.linkedin.com/company/385867;Medienallee 26, Unterföhring,  85774, DE
https://www.linkedin.com/company/389273;Medienallee 7, Unterföhring,  85774, DE
https://www.linkedin.com/company/3969922;Chelmsford, Massachusetts
https://www.linkedin.com/company/402775;Rennweg 97-99, Wien,  1030, AT
https://www.linkedin.com/company/407741;Pedro de Medinalaan 11, Amsterdam,  1086 XK, NL
https://www.linkedin.com/company/40820593;Helsinki, - 00100, FI
https://www.linkedin.com/company/41433;Max-Jarecki-Straße 21, Heidelberg, Baden-Württemberg 69115, DE
https://www.linkedin.com/company/41459;Amsterdam
https://www.linkedin.com/company/41629;!!!!!! Error !!!!!!!
https://www.linkedin.com/company/41629;!!!!!! Error !!!!!!!
https://www.linkedin.com/company/417090;Aventurijn 1200, Dordrecht,  3316 LB, NL
https://www.linkedin.com/company/4187;Oslo, Oslo
https://www.linkedin.com/company/4263;La Hulpe, Wallonia
https://www.linkedin.com/company/426700;Oirschot
https://www.linkedin.com/company/43155;Chicago, Illinois
https://www.linkedin.com/company/43330268;!!!!!! Error !!!!!!!
https://www.linkedin.com/company/4339;30,569 followers
https://www.linkedin.com/company/44577;Sankt Eriksgatan 26, Box 12069, Stockholm,  102 22, SE
https://www.linkedin.com/company/4478;Kortrijk, West Vlaanderen
https://www.linkedin.com/company/45245;Drottninggatan 97, Stockholm,  11360, SE
https://www.linkedin.com/company/45297;Espoo, Uusimaa
https://www.linkedin.com/company/46174;Handwerkstr. 15, Stuttgart,  70565, DE
https://www.linkedin.com/company/46963;Amsterdam
https://www.linkedin.com/company/471795;Joan Muyskenweg 22, Amsterdam, North Holland  NL
https://www.linkedin.com/company/483031;Budenheim, Rheinland-Pfalz
https://www.linkedin.com/company/49115;Henrik Ibsensgate 53, Oslo,  0255, NO
https://www.linkedin.com/company/49140249;Berlin, Berlin  DE
https://www.linkedin.com/company/492759;!!!!!! Error !!!!!!!
https://www.linkedin.com/company/49879;!!!!!! Error !!!!!!!
https://www.linkedin.com/company/4988;Colosseum 9, P.O. 840, Hilversum, Noord Holland 1200 AV, NL
https://www.linkedin.com/company/4991941;Uhlandstr. 175, Berlin, Brandenburg 10719, DE
https://www.linkedin.com/company/4999584;54, Quai Charles Pasqua, Levallois-Perret, Île-de-France 92300, FR
https://www.linkedin.com/company/5008693;Avenida de Tirjana 37, Edificio Mercurio  Torre II, Planta 7 D, San Bartolome de Tirajana, Canarias 35100, ES
https://www.linkedin.com/company/5025212;Polonceaukade 20, 1014 DA, Amsterdam,   NL
https://www.linkedin.com/company/5027818;Stockholm
https://www.linkedin.com/company/50655;A. Vaucampslaan 42, Huizingen,  B-1654, BE
https://www.linkedin.com/company/5076815;Karl-Tesche-Strasse 12, Koblenz,  56073, DE
https://www.linkedin.com/company/5080666;Högerdamm 41, Hamburg, Deutschland (DEU) 20097, DE
https://www.linkedin.com/company/510536;Werner-Heisenberg-Str. 8-10, Viernheim, Hessen 68519, DE
https://www.linkedin.com/company/5114;Venray
https://www.linkedin.com/company/51195;Nanterre, Paris
https://www.linkedin.com/company/51345;Taubenstraße 7-9, Berlin, Berlin 10117, DE
https://www.linkedin.com/company/5141;Delft, ZH
https://www.linkedin.com/company/5226787;!!!!!! Error !!!!!!!
https://www.linkedin.com/company/523127;Beversesteenweg, 565 B, Roeselare, Vlaanderen 8800, BE
https://www.linkedin.com/company/5317;Evenemangsgatan 13, Solna, Stockholm 169 92, SE
https://www.linkedin.com/company/5368350;Neumarkt 35 - 37, Köln,  50667, DE
https://www.linkedin.com/company/54977;Messegelände, Hannover, Niedersachsen 30521, DE
https://www.linkedin.com/company/556673;Frankrijklei 126, Antwerp,  2000, BE
https://www.linkedin.com/company/55755;Schaffhausen
https://www.linkedin.com/company/558613;Basel, Basel-Stadt
https://www.linkedin.com/company/56325;!!!!!! Error !!!!!!!
https://www.linkedin.com/company/5723;Schenkkade 65, The Hague, Zuid-Holland 2595AS, NL
https://www.linkedin.com/company/58137;Ahrensburg
https://www.linkedin.com/company/59220;Maison de la paix, Chemin Eugène-Rigot 2D, Geneva,  1202, CH
https://www.linkedin.com/company/603115;8 rue des Mérovingiens, Bertrange,  8070, LU
https://www.linkedin.com/company/60878;Sveavägen 44, Stockholm,  111 34, SE
https://www.linkedin.com/company/610934;Siegfried-Meister-Straße 1, Landsberg am Lech, Bavaria 86899, DE
https://www.linkedin.com/company/61562;Bothell, Washington
https://www.linkedin.com/company/61699;København S, Hovedstaden
https://www.linkedin.com/company/61699;København S, Hovedstaden
https://www.linkedin.com/company/61871;Hämeenlinna, Etelä-Suomi
https://www.linkedin.com/company/6213807;Frankfurt, Hessen
https://www.linkedin.com/company/6266929;Hilpertstraße 31, Darmstadt, Hessen 64295, DE
https://www.linkedin.com/company/63045;Zürich
https://www.linkedin.com/company/6390;!!!!!! Error !!!!!!!
https://www.linkedin.com/company/64251;San Francisco, California
https://www.linkedin.com/company/642851;Metallvägen 4, Mölnlycke,  43583, SE
https://www.linkedin.com/company/645-ventures;New York, New York, New York  US
https://www.linkedin.com/company/650514;Löfströms allé 5, Sundbyberg, Stockholmslän 172 21 , SE
https://www.linkedin.com/company/6524;Hasselt, Limburg
https://www.linkedin.com/company/6574432;Zürich, Schweiz - Suisse
https://www.linkedin.com/company/658134;Bahnhofstr 80, Kobern-Gondorf,  56330, DE
https://www.linkedin.com/company/6592456;Berlin
https://www.linkedin.com/company/659275;Prinses Catharina-Amaliastraat 16, Den Haag,  2496 XD, NL
https://www.linkedin.com/company/66924829;Willem Beukelszstraat 25, Rotterdam, South Holland 3027, NL
https://www.linkedin.com/company/67283713;Berlin,   DE
https://www.linkedin.com/company/673505;Karapellontie 6, Espoo,  02611, FI
https://www.linkedin.com/company/685573;München
https://www.linkedin.com/company/685573;München
https://www.linkedin.com/company/6869;Amsterdam
https://www.linkedin.com/company/696341;Tractieweg 41-J, Utrecht, Utrecht 3534 AP, NL
https://www.linkedin.com/company/7003704;Holzhofstraße 3, Mainz, Rheinland-Pfalz 55116, DE
https://www.linkedin.com/company/7003704;Holzhofstraße 3, Mainz, Rheinland-Pfalz 55116, DE
https://www.linkedin.com/company/70070282;Quebec, Quebec
https://www.linkedin.com/company/7079;Amsterdam, Noord Holland
https://www.linkedin.com/company/709876;52 58 avenue Jean Jaurès 92700 Colombes, Colombes, Île-de-France 92700, FR
https://www.linkedin.com/company/7214;!!!!!! Error !!!!!!!
https://www.linkedin.com/company/7462;!!!!!! Error !!!!!!!
https://www.linkedin.com/company/787480;London, Windsor, Berkshire
https://www.linkedin.com/company/79376;Berlin, Berlin
https://www.linkedin.com/company/808621;Rotterdam, South Holland
https://www.linkedin.com/company/808971;Jagersveld 15, Uden, Brabant 5405 BW, NL
https://www.linkedin.com/company/8193;Cologny, Geneva
https://www.linkedin.com/company/821437;Zaventem, Vlaams-Brabant
https://www.linkedin.com/company/827961;Toermalijnstraat 7, Alkmaar,  1812 RL, NL
https://www.linkedin.com/company/845338;Nyon, Vaud
https://www.linkedin.com/company/851030;Köln
https://www.linkedin.com/company/856266;Oosterhout, Noord Brabant
https://www.linkedin.com/company/8681237;Am Bruch 5, Remscheid,  42857, DE
https://www.linkedin.com/company/882015;Hofstraat 167, Eindhoven,  5641TD, NL
https://www.linkedin.com/company/893205;Dresden
https://www.linkedin.com/company/89893;Amsterdam, Noord-Holland
https://www.linkedin.com/company/8fit/about;Heinrich Heine Straße 15, Berlin,  10179, DE
https://www.linkedin.com/company/8returns;Berlin,   DE
https://www.linkedin.com/company/9157;Betzdorf, Luxembourg
https://www.linkedin.com/company/9181530;4 Stralauer Allee, Berin, Berlin 10245, DE
https://www.linkedin.com/company/929735;Greenwood Village, CO
https://www.linkedin.com/company/9301220;Venlo, Limburg
https://www.linkedin.com/company/9354801;Oulu, Oulu
https://www.linkedin.com/company/9456625;Zürich, Zürich
https://www.linkedin.com/company/9459;Kista
https://www.linkedin.com/company/9465973;Utrecht, Utrecht
https://www.linkedin.com/company/94900;Maastricht
https://www.linkedin.com/company/955822;Binzstrasse 32, Wetzikon, Zurich 8620, CH
https://www.linkedin.com/company/958305;Schillingweg 105, Nieuw Vennep,   NL
https://www.linkedin.com/company/962757;Linz
https://www.linkedin.com/company/976881;Munich, Bavaria
https://www.linkedin.com/company/98072;Industrieweg 4, Heerenveen, Friesland 8444 AR, NL
https://www.linkedin.com/company/991015;London, London
https://www.linkedin.com/company/991594;Espoo, Southern Finland
https://www.linkedin.com/company/abridge-ai;Pittsburgh, Pennsylvania 15206, US
https://www.linkedin.com/company/acamp-for-campers-and-explorers/about;Stockholm,   SE
https://www.linkedin.com/company/accredible;800 West El Camino Real, Suite 180, Mountain View, CA 94040, US
https://www.linkedin.com/company/actiodaily/about;Berlin,   DE
https://www.linkedin.com/company/adeva-it;Remote
https://www.linkedin.com/company/adidas/;Herzogenaurach, Bavaria
https://www.linkedin.com/company/advekit;Westwood Blvd, Los Angeles, California  US
https://www.linkedin.com/company/afterbanks/;Madrid, Comunidad de Madrid
https://www.linkedin.com/company/agathos;2480 Kittredge Loop Dr. #908, Boulder, Colorado 80310, US
https://www.linkedin.com/company/agorahr/?viewasmember=true;!!!!!! Error !!!!!!!
https://www.linkedin.com/company/agot-ai;5000 Forbes Ave, Pittsburgh, Pennsylvania 15213, US
https://www.linkedin.com/company/agshift;3350 Scott Blvd, 6101, Santa Clara, California 95054, US
https://www.linkedin.com/company/airgarage;1112 Bryant St, San Francisco, California 94103, US
https://www.linkedin.com/company/akido-labs/about;!!!!!! Error !!!!!!!
https://www.linkedin.com/company/albeado/about;!!!!!! Error !!!!!!!
https://www.linkedin.com/company/allthings/about;Basel, Basel
https://www.linkedin.com/company/almanacdocs;San Francisco, CA 94103, US
https://www.linkedin.com/company/aloecare;12 E 49th St, 11th Floor, New York, New York 10017, US
https://www.linkedin.com/company/alwyse/about;Holländargatan 23, 1, Stockholm,   SE
https://www.linkedin.com/company/amazee.io/about;Zurich
https://www.linkedin.com/company/amberflo-io;Bay Area,   US
https://www.linkedin.com/company/amitree/about;Remote,   OO
https://www.linkedin.com/company/amnesia-media;San Francisco, California
https://www.linkedin.com/company/amuntokens/about;Global,   OO
https://www.linkedin.com/company/analyst1;11921 Freedom Dr #550, Reston, Virginia 20190, US
https://www.linkedin.com/company/angel-solutions-ltd/about;Liverpool Science Park, 131 Mount Pleasant, Liverpool,  L3 5TF, GB
https://www.linkedin.com/company/angoka/about;The Innovation Centre, Queen's Road, Belfast,  BT3 9AD, GB
https://www.linkedin.com/company/aphid;Los Angeles, CA 90066, US
https://www.linkedin.com/company/app-quality/about;Milano, Milan
https://www.linkedin.com/company/appcentrica-inc-/about/;Toronto, Ontario
https://www.linkedin.com/company/appfleetcloud/about;Krakow,   PL
https://www.linkedin.com/company/appfollow/about;Pelimannintie 24, Helsinki,   FI
https://www.linkedin.com/company/appsignal/about;Rietwaard 4, 's-Hertogenbosch,  5236WC, NL
https://www.linkedin.com/company/aptedge/;San Mateo, CA 94497, US
https://www.linkedin.com/company/aquaporin-a-s/about;8,079 followers
https://www.linkedin.com/company/arcturusxr;Los Angeles, CA
https://www.linkedin.com/company/areena;3102 Oak Lawn Ave, Dallas, Texas 75219, US
https://www.linkedin.com/company/argenthq/about;107 Cheapside, London,  EC2V 6AF, GB
https://www.linkedin.com/company/ark-ecosystem/about;Villeneuve-sous-Pymont
https://www.linkedin.com/company/arkkeo/about;Helsinki,   FI
https://www.linkedin.com/company/armut/about;Acıbadem, Üsküdar, Istanbul,   TR
https://www.linkedin.com/company/arteryteam/about/;NYC & Toronto,   CA
https://www.linkedin.com/company/arviem/about;Baar, ZG
https://www.linkedin.com/company/arweave;24 Holborn Viaduct, London, England EC1A 2BN, GB
https://www.linkedin.com/company/aryeo;107 South St, 2F, Boston, Massachusetts 02111, US
https://www.linkedin.com/company/askiggy;500 3rd St, San Francisco, California 94107, US
https://www.linkedin.com/company/assemblyai;320 Judah St, San Francisco, California 94122, US
https://www.linkedin.com/company/assetz-capital;Manchester, Greater Manchester
https://www.linkedin.com/company/athemes/about;Bristol,   GB
https://www.linkedin.com/company/atlashealth;22 Battery St., San Francisco, California 94111, US
https://www.linkedin.com/company/attractions-io/about/;Unit 10, Uttoxeter Business Centre, Uttoxeter, Staffordshire ST14 8AZ, GB
https://www.linkedin.com/company/attunely;2nd Ave S, Seattle, Washington  US
https://www.linkedin.com/company/augmentcxm;San Francisco, California
https://www.linkedin.com/company/autoauctions/about;!!!!!! Error !!!!!!!
https://www.linkedin.com/company/autobutler/about;Copenhagen
https://www.linkedin.com/company/autouncle/about;Klostergade 56 C, Aarhus,  8000, DK
https://www.linkedin.com/company/awell/about;Brussels,   BE
https://www.linkedin.com/company/azeti/about;Berlin
https://www.linkedin.com/company/azumo-llc;100 Broadway, San Francisco, California 94111, US
https://www.linkedin.com/company/azur-brands;Fort Lauderdale, FL
https://www.linkedin.com/company/backlink-builder/about;!!!!!! Error !!!!!!!
https://www.linkedin.com/company/backstitch;1828 Walnut St., Suite 301, Kansas City, Missouri 64108, US
https://www.linkedin.com/company/bankin/about;4, Rue de la Pierre Levée, Paris, Île-de-France 75011, FR
https://www.linkedin.com/company/batmaid/about;2,147 followers
https://www.linkedin.com/company/bearableapp/;!!!!!! Error !!!!!!!
https://www.linkedin.com/company/beondeck/;2431 Mission Street, San Francisco, California 94110, US
https://www.linkedin.com/company/bexio/about;Rapperswil, St. Gallen
https://www.linkedin.com/company/bimotal-inc/about;San Francisco,   US
https://www.linkedin.com/company/binfer;222 W Merchandise Mart Plaza, #1225, Chicago, IL 60654, US
https://www.linkedin.com/company/biomage-ltd/;Glasgow,   GB
https://www.linkedin.com/company/biteable/;Salt Lake City, Utah
https://www.linkedin.com/company/bitrise/about;Hamzsabégi út 37, Budapest,   HU
https://www.linkedin.com/company/blackswan-technologies.ai;10,997 followers
https://www.linkedin.com/company/bluefinger/about;GB
https://www.linkedin.com/company/boast-capital;San Francisco, California
https://www.linkedin.com/company/bodoai;San Francisco, CA
https://www.linkedin.com/company/boligflow/;Rebslagervej 2, Aalborg,  9000, DK
https://www.linkedin.com/company/books-that-grow;!!!!!! Error !!!!!!!
https://www.linkedin.com/company/bosonprotocol/about;London,   GB
https://www.linkedin.com/company/brain.fm/;433 Broadway, Ste 509, New York, New York 10013, US
https://www.linkedin.com/company/brandturbo/about;Berlin,   DE
https://www.linkedin.com/company/bravostudio/about;Barcelona,   ES
https://www.linkedin.com/company/breachvr/about;Munkegata 58, Trondheim,  7011, NO
https://www.linkedin.com/company/brick-technology/about;Stockholm,   SE
https://www.linkedin.com/company/bring-labs-ag/about;Zürich
https://www.linkedin.com/company/buddi-io;1001 Homer Street, Vancouver, BC V6B1M9, CA
https://www.linkedin.com/company/buildatmos;San Francisco, California 94103, US
https://www.linkedin.com/company/bulb-things/about;Bulb Software Ltd, Greenwich Digital Innovation Centre 10th Floor, 6 Mitre Passage, London,  SE10 0ER, GB
https://www.linkedin.com/company/cable-technology-limited/about;!!!!!! Error !!!!!!!
https://www.linkedin.com/company/calypso-ai;San Francisco, CA
https://www.linkedin.com/company/captego/about;Aarhus
https://www.linkedin.com/company/cardiosense;Chicago, Illinois 60654, US
https://www.linkedin.com/company/carrottapp/about;London,   GB
https://www.linkedin.com/company/carted/about;San Francisco
https://www.linkedin.com/company/cased;San Francisco, CA
https://www.linkedin.com/company/castos/about;Winter Garden,   US
https://www.linkedin.com/company/catapultx;26 Broadway, New York, New York 10004, US
https://www.linkedin.com/company/centeredpk;Islamabad, Pakistan 44000, PK
https://www.linkedin.com/company/chaeban-ice-cream/;390 Osborne St, Winnipeg, Manitoba R3L 1Z9, CA
https://www.linkedin.com/company/challengermode/about;Söder Mälarstrand 71, Stockholm,  11825, SE
https://www.linkedin.com/company/chartable-podcasts;27 E 21st St, New York,  10010, US
https://www.linkedin.com/company/churchdesk/about;Copenhagen
https://www.linkedin.com/company/cirqular;Norrsken House, Birger Jarlsgatan 57 C, Stockholm,  113 56, SE
https://www.linkedin.com/company/civocloud/about;Unit H, J & K, Gateway 1000, Whittle way, Stevenage, Hertfordshire SG1 2FP, GB
https://www.linkedin.com/company/clarip;Philadelphia, PA
https://www.linkedin.com/company/clearbanc/jobs;!!!!!! Error !!!!!!!
https://www.linkedin.com/company/clearstep;222 Merchandise Mart Plaza, Suite 1230 , Chicago, Illinois 60654, US
https://www.linkedin.com/company/closecross/;Suite 27a, 23 Wharf street, London,  SE8 3GG, GB
https://www.linkedin.com/company/cloud-orca/;25 Luke Street, London, England EC2A 4AR, GB
https://www.linkedin.com/company/cloudstudios-io;Toronto, ON  CA
https://www.linkedin.com/company/clubbook/about/;!!!!!! Error !!!!!!!
https://www.linkedin.com/company/clubycom/about;Helsinki,   FI
https://www.linkedin.com/company/clubzap/about;NDRC, Crane Street, Dublin,   IE
https://www.linkedin.com/company/co-op-commerce/jobs;!!!!!! Error !!!!!!!
https://www.linkedin.com/company/codaoctopus-products-ltd/about;Edinburgh
https://www.linkedin.com/company/codefort-com/about;Skanderborg
https://www.linkedin.com/company/cognitionx/about;20 Air Street, London,  W1B 5AN, GB
https://www.linkedin.com/company/cogo-connecting-good/about;Wellington
https://www.linkedin.com/company/cohabs/about;Brussels, Brussels Region
https://www.linkedin.com/company/coinroutes;Miami, Florida  US
https://www.linkedin.com/company/colony-io/about/;5th Floor, Genesis Building,, Genesis Close, PO Box 446,, Grand Cayman,, Grand Cayman KY11106, KY
https://www.linkedin.com/company/colony-networks-inc.;#220, 1501 West Broadway, Vancouver, BC V6J 4Z6, CA
https://www.linkedin.com/company/commissary-connect;Vancouver, British Columbia  CA
https://www.linkedin.com/company/commonshare/about;New York City
https://www.linkedin.com/company/conexed/;2319 S Foothill Drive, Sutie 130, Salt Lake City, Utah 84109, US
https://www.linkedin.com/company/connectspaceinc;Ann Arbor, Michigan
https://www.linkedin.com/company/contradotcom/about/;San Francisco, CA 94115, US
https://www.linkedin.com/company/convertflow/about;Miami,   US
https://www.linkedin.com/company/copper-inc/;San Francisco, California
https://www.linkedin.com/company/cosell;701 Brazos St, Austin, Texas 78701, US
https://www.linkedin.com/company/covey-io;New York, NY 10013, US
https://www.linkedin.com/company/covidguardapp;Italy,   IT
https://www.linkedin.com/company/creable-io/about;Remote,   OO
https://www.linkedin.com/company/crowdai;San Francisco, CA 94103, US
https://www.linkedin.com/company/cryptofinanceag/about;Zug
https://www.linkedin.com/company/curebase/;145 Gardenside Drive, 9, San Francisco, CA 94131, US
https://www.linkedin.com/company/curvehealth/about;undisclosed, Nationwide,   US
https://www.linkedin.com/company/cushion;San Francisco, CA  US
https://www.linkedin.com/company/custobar-ltd-/about;Helsinki, Southern Finland
https://www.linkedin.com/company/cv-partner/;London, England
https://www.linkedin.com/company/cvedia/about;London
https://www.linkedin.com/company/cyanoguard/about;Einsiedlerstrasse 29, Wädenswil,  8820, CH
https://www.linkedin.com/company/cybertec/about/;TRIESTE
https://www.linkedin.com/company/cymotive-technologies/about;Tel Aviv
https://www.linkedin.com/company/daslab/about;Berlin
https://www.linkedin.com/company/data&data-consulting;8 rue la Boetie, Paris,  75008, FR
https://www.linkedin.com/company/datagrail;164 Townsend St, Suite 12, San Francisco, California 94107, US
https://www.linkedin.com/company/datapane/about;London,   GB
https://www.linkedin.com/company/datasembly/;569 followers
https://www.linkedin.com/company/dbvis-software/about;Stockholm, Sweden,   SE
https://www.linkedin.com/company/dealcircle-gmbh/about;Rothenbaumchaussee 205, Hamburg,   DE
https://www.linkedin.com/company/debito/about;Skelagervej 15, Aalborg,  9000, DK
https://www.linkedin.com/company/decorilla/about;New York City, New York 10169, US
https://www.linkedin.com/company/deeplynx/about;Vienna,   AT
https://www.linkedin.com/company/deepmedia-ai/about;Oakland, CA 94607, US
https://www.linkedin.com/company/deepset-ai/about;Urbanstraße 71, Berlin,  10967, DE
https://www.linkedin.com/company/deliverend;525 S Meridian St, GA. 1, Indianapolis, Indiana 46225, US
https://www.linkedin.com/company/deltav-ventures/people;!!!!!! Error !!!!!!!
https://www.linkedin.com/company/derivetech/;515 E Grant St, Suite 150, Phoenix, Arizona 85004, US
https://www.linkedin.com/company/detectify/about;Stockholm, Stockholm
https://www.linkedin.com/company/deversifi/about;!!!!!! Error !!!!!!!
https://www.linkedin.com/company/diagnoss/jobs;!!!!!! Error !!!!!!!
https://www.linkedin.com/company/diffbot;333 Ravenswood Ave, Menlo Park, California 94025, US
https://www.linkedin.com/company/dinie;Sao Paulo, Sao Paulo 05407003, BR
https://www.linkedin.com/company/divido/about;Office 7, 35-37 Ludgate Hill, London,  EC4M 7JN, GB
https://www.linkedin.com/company/diwala/about;531 followers
https://www.linkedin.com/company/dose-chicago;358 West Ontario, Suite 2E, Chicago, IL 60654, US
https://www.linkedin.com/company/dosis-inc;San Francisco, California 94111, US
https://www.linkedin.com/company/dsg-consulting/jobs/;!!!!!! Error !!!!!!!
https://www.linkedin.com/company/dumpling/about;Berkeley, CA and Seattle, WA,   US
https://www.linkedin.com/company/dunforce;Barcelona, CAT
https://www.linkedin.com/company/duuoo/about;Copenhagen,   DK
https://www.linkedin.com/company/dystech-australia;South Melbourne, Victoria
https://www.linkedin.com/company/e-source/about/;Boulder, CO
https://www.linkedin.com/company/easypractice/about;!!!!!! Error !!!!!!!
https://www.linkedin.com/company/eblitz;London,   GB
https://www.linkedin.com/company/echobox/about;London
https://www.linkedin.com/company/ecog/about;DE
https://www.linkedin.com/company/ecolongllc;Albany,   US
https://www.linkedin.com/company/eight-roads/about;London
https://www.linkedin.com/company/einride/about;Stockholm, Stockholm County
https://www.linkedin.com/company/ekotrope;2 Ave de Lafayette, 4th Floor, Boston, MA 02110-1006, US
https://www.linkedin.com/company/elemendar/about;441 followers
https://www.linkedin.com/company/elevar---intelligent-ecommerce-insights;Charleston, SC 29412, US
https://www.linkedin.com/company/ellipsis-health;211 Sutter St, San Francisco, California 94108, US
https://www.linkedin.com/company/emmadotai/about;London,   GB
https://www.linkedin.com/company/emplate/about;Helsingforsgade 27, Aarhus,  8200, DK
https://www.linkedin.com/company/emsisoft/about;Nelson,   NZ
https://www.linkedin.com/company/energy-machines/;Gävle
https://www.linkedin.com/company/enroute-digital;New York, NY 10044, US
https://www.linkedin.com/company/ensodata;111 S Hamilton St, 30, Madison, Wisconsin 53703, US
https://www.linkedin.com/company/ensuapp;San Francisco, California 94109, US
https://www.linkedin.com/company/entradainsights;26 S Rio Grande St, Suite 2072, Salt Lake City, Utah 84101, US
https://www.linkedin.com/company/envaio/about;München, Bayern 80636, DE
https://www.linkedin.com/company/epion-health/;Hoboken, NJ
https://www.linkedin.com/company/estatesales-net/about;!!!!!! Error !!!!!!!
https://www.linkedin.com/company/eve-io;Munich, Bayern
https://www.linkedin.com/company/evercast;7373 E Doubletree Ranch Rd, Scottsdale, Arizona  US
https://www.linkedin.com/company/everymindatwork/about;!!!!!! Error !!!!!!!
https://www.linkedin.com/company/everyonesocial;136 Main St., Suite 610, Salt Lake City, Utah 84101, US
https://www.linkedin.com/company/eviivo/about;London
https://www.linkedin.com/company/evopark/about;Sedanstr. 31-33, Köln,   DE
https://www.linkedin.com/company/f10-incubator-&-accelerator/about;Zurich
https://www.linkedin.com/company/fair-hq/about;London,   GB
https://www.linkedin.com/company/fairwinds;177 Huntington Ave, Ste 1703, Boston, Massachusetts 02115, US
https://www.linkedin.com/company/familyfinanceshu/about;Nyugati tér 5., Budapest,  1132, HU
https://www.linkedin.com/company/fanatico-inc/about;94025, US
https://www.linkedin.com/company/faqbot;Brussels,  1000, BE
https://www.linkedin.com/company/farmwise;San Francisco, California
https://www.linkedin.com/company/fatmap/about;Wiener Straße 17, Berlin,  10999, DE
https://www.linkedin.com/company/feelbie/about;!!!!!! Error !!!!!!!
https://www.linkedin.com/company/female-invest/about;Copenhagen, Capital Region
https://www.linkedin.com/company/filterpixel;Delaware Tpke, Christiana, DE  US
https://www.linkedin.com/company/finuprise/about;Copenhagen,   DK
https://www.linkedin.com/company/firstbase-io;New York, NY 10001, US
https://www.linkedin.com/company/fishtown-analytics;Philadelphia, PA  US
https://www.linkedin.com/company/fixflo/about;London
https://www.linkedin.com/company/flinks.io;1001 Rue Lenoir, A114, Montreal, Quebec H4C 2Z6, CA
https://www.linkedin.com/company/flipgive;325 Front St West, Suite 400, Toronto, Ontario M5V 2Y1, CA
https://www.linkedin.com/company/flower-company-cannabis;Los Angeles, California
https://www.linkedin.com/company/flowlabsai;1111 Broadway, Oakland, California  US
https://www.linkedin.com/company/flowrite/about;Helsinki,   FI
https://www.linkedin.com/company/flowrobe/about/;Esbjerg, South Denmark 6700, DK
https://www.linkedin.com/company/flyport-vr/about;Stockholm,   SE
https://www.linkedin.com/company/focalsbynorth/jobs;!!!!!! Error !!!!!!!
https://www.linkedin.com/company/fohr-card;New York, New York, New York 10012, US
https://www.linkedin.com/company/fonoa/about;Dublin,   IE
https://www.linkedin.com/company/foodorama/about;!!!!!! Error !!!!!!!
https://www.linkedin.com/company/forestreet/;28 Easton Street, London, UK WC1X 0BE, GB
https://www.linkedin.com/company/frio-controls;18 Bridge St, Brooklyn, New York 11201, US
https://www.linkedin.com/company/friyay;Greenville, SC
https://www.linkedin.com/company/frontread-aps/about;Åbogade 15, Aarhus N,  8200, DK
https://www.linkedin.com/company/future-closets/about;Stockholm
https://www.linkedin.com/company/futureswap;!!!!!! Error !!!!!!!
https://www.linkedin.com/company/fuzu-oy/about;Helsinki
https://www.linkedin.com/company/galen-data;1331 Gemini Ave., Suite 300, Houston, Texas 77062, US
https://www.linkedin.com/company/gameonfanapp/about;Vancouver
https://www.linkedin.com/company/gastrofy/about;LUNTMAKARGATAN, 26, STOCKHOLM,  11137, SE
https://www.linkedin.com/company/gatekeeper-app/about;London
https://www.linkedin.com/company/genemod;Seattle, Washington 98109, US
https://www.linkedin.com/company/genesis-technology-partners/about/;Kyiv
https://www.linkedin.com/company/geositeinc;Headquarters, Palo Alto, CA 94305, US
https://www.linkedin.com/company/gerald-app;433 Broadway, New York,   US
https://www.linkedin.com/company/getblankapp/jobs;!!!!!! Error !!!!!!!
https://www.linkedin.com/company/getbravely/about;Singapore,   SG
https://www.linkedin.com/company/getcanix;63 Bluxome St, Suite A, San Francisco, California 94107, US
https://www.linkedin.com/company/getichair/;Lisbon,   PT
https://www.linkedin.com/company/getjuni/about;Göteborg,   SE
https://www.linkedin.com/company/getorbit/about;Dronning Eufemias 6A, Oslo,   NO
https://www.linkedin.com/company/getrepeat;Venice, California 90291, US
https://www.linkedin.com/company/getsetup;San Francisco, CA
https://www.linkedin.com/company/getspeechify/about;Los Angeles
https://www.linkedin.com/company/getsubly/about;London
https://www.linkedin.com/company/giftapart;892 US Highway 22, Somerville, New Jersey 08876, US
https://www.linkedin.com/company/give-lively;33 Irving Pl, New York,  10003, US
https://www.linkedin.com/company/glassnode/about;Zug
https://www.linkedin.com/company/glint-solar/about;Oslo
https://www.linkedin.com/company/globechain;HQ in London
https://www.linkedin.com/company/gluwa;1390 Market Street, Suite 200, PMB 226, San Francisco, CA 94102, US
https://www.linkedin.com/company/go-moment;929 Colorado Ave, ATTN: GO MOMENT, Santa Monica, CA 90401, US
https://www.linkedin.com/company/golexop;506 McGill Street, Montreal, Quebec H2Y 2H6, CA
https://www.linkedin.com/company/golinks;San Jose, California 95117, US
https://www.linkedin.com/company/gomore/about;Kompagnistræde 20, Copenhagen K,  1208, DK
https://www.linkedin.com/company/gomothership;Culver City, California
https://www.linkedin.com/company/goodmondaytv/about;08012, Pere Serafí 7, Barcelona,  Cofundadora y , ES
https://www.linkedin.com/company/goodshuffle;1725 Desales St NW, 802, Washington, District of Columbia 20036, US
https://www.linkedin.com/company/goodwater-capital;240 Lorton Ave, Burlingame, California 94010, US
https://www.linkedin.com/company/goosechase-adventures;Toronto, Ontario  CA
https://www.linkedin.com/company/gopayload;4455 Carver Woods Dr, Suite 200, Cincinnati, Ohio 45242, US
https://www.linkedin.com/company/gordian-software;1037 NE 65th St #82093, Seattle, WA 98115, US
https://www.linkedin.com/company/gostudent-gmbh/about;Vienna
https://www.linkedin.com/company/govtribe;2311 Wilson Blvd, Arlington, Virginia 22201, US
https://www.linkedin.com/company/grabyo/about;23 Heddon Street, London,  W1B 4BQ, GB
https://www.linkedin.com/company/gramercytech;NY, New York
https://www.linkedin.com/company/grata-data;New York, NY
https://www.linkedin.com/company/greyparrotai;London, London EC1V 1NY, GB
https://www.linkedin.com/company/gridspace-inc;1330 Factory Place, Los Angeles, CA 90013, US
https://www.linkedin.com/company/gridx/about;Munich, Bavaria
https://www.linkedin.com/company/gtd-agency;!!!!!! Error !!!!!!!
https://www.linkedin.com/company/guestflow/about;!!!!!! Error !!!!!!!
https://www.linkedin.com/company/gyant;353 Sacramento St, San Francisco, California 94111, US
https://www.linkedin.com/company/halcyonhealth;Remote,   US
https://www.linkedin.com/company/hapiplan/about;London,   GB
https://www.linkedin.com/company/harmonize-health/about;!!!!!! Error !!!!!!!
https://www.linkedin.com/company/harvestinvestments;370 Jay St, New York, New York 11201, US
https://www.linkedin.com/company/hatio/?originalSubdomain=in;!!!!!! Error !!!!!!!
https://www.linkedin.com/company/hazelanalytics;1601 5th Ave, 1100, Seattle, Washington 98101, US
https://www.linkedin.com/company/helloabound/about;404 5th Ave, New York,   US
https://www.linkedin.com/company/heydovetail/about;Sydney,   AU
https://www.linkedin.com/company/hijiffy/about;Rua Filipe Folque 2, 1º Esq, Sala 2 , Lisboa,  1050-113, PT
https://www.linkedin.com/company/hipcamp;965 Mission St, San Francisco, California 94103, US
https://www.linkedin.com/company/hippo-education-inc-;Los Angeles, CA 91367, US
https://www.linkedin.com/company/hivehq;Kitchener, Ontario
https://www.linkedin.com/company/homebinder-com;1500 District Ave, Burlington, Massachusetts 01803, US
https://www.linkedin.com/company/homeservenow/about;1 Bravington's Walk, London,  N1 9AE, GB
https://www.linkedin.com/company/hootboard;Brewerytown, Philadelphia, PA 19104, US
https://www.linkedin.com/company/hostfully-inc-;PO Box 59029, San Francisco, California 94158-0297, US
https://www.linkedin.com/company/hotelbreak/;Palma, Baleares 07002, ES
https://www.linkedin.com/company/hotelchamp;Amsterdam, North Holland
https://www.linkedin.com/company/house-of-crops-gmbh/about;Brunnenstraße 44, Berlin,   DE
https://www.linkedin.com/company/humanloop/about;London
https://www.linkedin.com/company/hypertrack;San Francisco, California
https://www.linkedin.com/company/idgateway-limited/;33 Hercules Way, Farnborough, Hampshire GU14 6UU, GB
https://www.linkedin.com/company/ifr%C3%A5gas%C3%A4tt/about;Box 940, Lund,  220 09, US
https://www.linkedin.com/company/illumisinc;94 Bowery, New York, New York 10013, US
https://www.linkedin.com/company/inex-circular;108B, Boulevard Auguste Blanqui, Paris, Ile de France 75013, FR
https://www.linkedin.com/company/integrate-/about/;Phoenix, AZ
https://www.linkedin.com/company/intellifinder/about;Odense SØ
https://www.linkedin.com/company/intentionet;999 3rd Ave, Suite 700, Seattle, WA 98104, US
https://www.linkedin.com/company/intercash;27 Old Gloucester Street, London, England WC1N3, GB
https://www.linkedin.com/company/intk/about;Jaarbeursplein 6, Utrecht,  3521 AL, NL
https://www.linkedin.com/company/intruder;20 Ropemaker Street, London, England  GB
https://www.linkedin.com/company/isee-ai;501 Massachusetts Ave, Cambridge, Massachusetts  US
https://www.linkedin.com/company/itclinical/about;R Augusto Macedo, 12-B, Lisboa,  1600-794, PT
https://www.linkedin.com/company/ixlayer;1161 Mission St, San Francisco, California 94103, US
https://www.linkedin.com/company/jeengofficial/about;368 9th Avenue, New York,  10001, US
https://www.linkedin.com/company/jellynote/jobs;!!!!!! Error !!!!!!!
https://www.linkedin.com/company/joinhome;Austin, Texas
https://www.linkedin.com/company/joshai;Denver, CO
https://www.linkedin.com/company/joyn-bio;Boston, Massachusetts
https://www.linkedin.com/company/juixofficial;San Francisco, California 94608, US
https://www.linkedin.com/company/kabofoods;Toronto, Ontario M4Y 2C5, CA
https://www.linkedin.com/company/kalepa;920 Broadway, New York, New York 10027, US
https://www.linkedin.com/company/kapacity-io/about;Helsinki
https://www.linkedin.com/company/keelvar/about;Cork
https://www.linkedin.com/company/keeperdao;Internet,   OO
https://www.linkedin.com/company/keepit-a-s/about;Per Henrik Lings Allé 4, Copenhagen,  2100, DK
https://www.linkedin.com/company/kennersoft/about;Im Lachenfeld, 5, Stutensee,  76297, DE
https://www.linkedin.com/company/keytree/about;114 St. Martin's lane, London,  WC2N 4BE, GB
https://www.linkedin.com/company/kikohomes/about;London,   GB
https://www.linkedin.com/company/kinetikos/about;Rua Pedro Nunes, Edifício C, Coimbra,  3030-199 , PT
https://www.linkedin.com/company/kipwise/about;Tallinn, Harjumaa
https://www.linkedin.com/company/klipfolio/about/;111 Albert St, Ottawa, Ontario K1P, CA
https://www.linkedin.com/company/knips-as/about;Oslo,   NO
https://www.linkedin.com/company/knockri;180 John St, Toronto, Ontario M9N 1J8, CA
https://www.linkedin.com/company/koa-health/about;Barcelona
https://www.linkedin.com/company/kreos-capital/about;London
https://www.linkedin.com/company/l-e-e-n-a/about;New York
https://www.linkedin.com/company/labster/about;Copenhagen
https://www.linkedin.com/company/lastmile/about;300 Park Ave, New York,  10022, US
https://www.linkedin.com/company/launchnotes;California,   US
https://www.linkedin.com/company/leadforcareer;415 Jackson St, San Francisco, California 94111, US
https://www.linkedin.com/company/leaflogistics/about;US
https://www.linkedin.com/company/league-inc-/life/cfe438c4-ff05-4aef-80ec-0991636737c0;!!!!!! Error !!!!!!!
https://www.linkedin.com/company/learn-in/about;San Francisco,   US
https://www.linkedin.com/company/learnerbly/about;107 Cheapside, 9th Floor, London, England EC2V 6DB, GB
https://www.linkedin.com/company/learning-tapestry-inc-/about;!!!!!! Error !!!!!!!
https://www.linkedin.com/company/learnlink/about;Pilestredet 75c, Oslo,  0354, NO
https://www.linkedin.com/company/leeroy/about;Stockholm
https://www.linkedin.com/company/legionco;399 Bradford St, 100, Redwood City, California 94063, US
https://www.linkedin.com/company/lendflow;2222 Rio Grande, Suite 110, Austin, TX 78705, US
https://www.linkedin.com/company/leverhealth;180 6th Ave, New York City, NY 10013, US
https://www.linkedin.com/company/lifelink-inc--;548 Market Street, PMB 23009, San Francisco, California 94104, US
https://www.linkedin.com/company/lifetimely/about;Helsinki
https://www.linkedin.com/company/liftango/;Hunter St, Newcastle, New South Wales 2300, AU
https://www.linkedin.com/company/liinetech;1101 Haynes Street, Raleigh, NC 27604, US
https://www.linkedin.com/company/link3dinc;36 E 23rd St, New York,  10010, US
https://www.linkedin.com/company/literamicrosystems/about/;550 W Jackson Blvd, 200, Chicago, Illinois 60661, US
https://www.linkedin.com/company/littledata/about;WeWork Paddington, 2 Eastbourne Terrace, London,  W2 6LG, GB
https://www.linkedin.com/company/livesurface/about;!!!!!! Error !!!!!!!
https://www.linkedin.com/company/liveto/about;Nisulankatu 78, Jyväskylä,  40720, FI
https://www.linkedin.com/company/livingoptics/about;New Road, Oxford, England  GB
https://www.linkedin.com/company/livingsecurity;3595 RR-620 S, Suite 150, Austin, Texas 78738, US
https://www.linkedin.com/company/loctax/about;London,   GB
https://www.linkedin.com/company/logement-3d/about/;Paris,   FR
https://www.linkedin.com/company/loom.ai;San Francisco, CA 94107, US
https://www.linkedin.com/company/loyalty-pacific-pty-ltd/about;4,872 followers
https://www.linkedin.com/company/lucky-gunner/about/;Knoxville,   US
https://www.linkedin.com/company/lunatixfans;450 Lexington Ave, 717, New York, NY 10017, US
https://www.linkedin.com/company/lyftaed/about;London
https://www.linkedin.com/company/lys-technologies.co.uk/about;Copenhagen
https://www.linkedin.com/company/macusoft;1 Royal Street, London, England SE1 7LL, GB
https://www.linkedin.com/company/mangata-finance/;San Francisco
https://www.linkedin.com/company/matik-inc/?viewasmember=true;!!!!!! Error !!!!!!!
https://www.linkedin.com/company/maxa-ai;555 Boulevard René-Lévesque W., Montreal, Quebec H2Z 1B1, CA
https://www.linkedin.com/company/maxwellai;Amsterdam,   NL
https://www.linkedin.com/company/maykers/about;Jaarbeursplein 6, Utrecht,  3521, NL
https://www.linkedin.com/company/mdally;300 W 57th St, New York, New York 10019, US
https://www.linkedin.com/company/mediafellows/about;Torellstraße, Berlin,  10243, DE
https://www.linkedin.com/company/medorion/about;Tel Aviv
https://www.linkedin.com/company/meeshop/about;Marielundvej 17F, Herlev,  2730, DK
https://www.linkedin.com/company/meetingpackage-com/about;Espoo
https://www.linkedin.com/company/melatech/about;!!!!!! Error !!!!!!!
https://www.linkedin.com/company/merchbar;1355 Market Street, Suite 408, San Francisco, CA 94103, US
https://www.linkedin.com/company/messagebird-com/jobs, https://www.linkedin.com/company/messagebird-com;!!!!!! Error !!!!!!!
https://www.linkedin.com/company/metislabs;London
https://www.linkedin.com/company/metomic/about;100 Clifton Street, London,  EC2A 4TP, GB
https://www.linkedin.com/company/miappi/about;10 York Road, London, England SE1 7ND, GB
https://www.linkedin.com/company/mighty-com;New York, New York 10010, US
https://www.linkedin.com/company/min-dr%C3%B8mmebolig-aps/about;!!!!!! Error !!!!!!!
https://www.linkedin.com/company/mindsdb/jobs;!!!!!! Error !!!!!!!
https://www.linkedin.com/company/minespider/about;Friedrichstraße 246, Berlin,  10969, DE
https://www.linkedin.com/company/minimapapp;New York, NY 10002, US
https://www.linkedin.com/company/minute7/;Mountain View, Mountain View, CA 94043, US
https://www.linkedin.com/company/miovision-technologies;Kitchener, ON
https://www.linkedin.com/company/miriinfotech/about/;Fremont, CA
https://www.linkedin.com/company/mita-teknik-as/about/;Rødkærsbro
https://www.linkedin.com/company/mixiedigital/about;Donostia/ San Sebastián,   ES
https://www.linkedin.com/company/modern-treasury;575 Market St., Floor 4, San Francisco, CA 94105, US
https://www.linkedin.com/company/molecular-quantum-solutions-aps/about;Copenhagen,   DK
https://www.linkedin.com/company/molecule-protocol/about;Rheinhaldenstrasse 101, Schaffhausen,  8200, CH
https://www.linkedin.com/company/monetics-cre;Boston, MA  US
https://www.linkedin.com/company/moneyhub-enterprise/about;10 Temple Back, Bristol,  BS1 6FL, GB
https://www.linkedin.com/company/monitaur;Boston, MA 02111, US
https://www.linkedin.com/company/montaapp/about;Copenhagen,   DK
https://www.linkedin.com/company/monte-carlo-data;San Francisco, California 94110, US
https://www.linkedin.com/company/mortgauge/jobs;!!!!!! Error !!!!!!!
https://www.linkedin.com/company/motosumo/about;Hørkær 26, Herlev,  2730, DK
https://www.linkedin.com/company/mover-systems/about;Artillerivej 86, Copenhagen, Capital Region 2300, DK
https://www.linkedin.com/company/multibrain/about;Dallas ,   US
https://www.linkedin.com/company/multifold;845 Market Street, #450, San Francisco, CA 94103, US
https://www.linkedin.com/company/mumbli/;35 Kingsland Road, London, England E2 8AA, GB
https://www.linkedin.com/company/muskthrust-gbr/?viewasmember=true;!!!!!! Error !!!!!!!
https://www.linkedin.com/company/my-boardroomke/about/;Office Park, Riverside Drive, 1st Flr, Nairobi, Nairobi  0 0502, KE
https://www.linkedin.com/company/mydasme;Los Angeles, CA 90007, US
https://www.linkedin.com/company/mykigai;Toronto, Ontario M5S 2R4, CA
https://www.linkedin.com/company/mylight-systems/jobs;!!!!!! Error !!!!!!!
https://www.linkedin.com/company/mynurseai;PO Box 8801, Emeryville, CA  94662, US
https://www.linkedin.com/company/myriad-ceg-group-ltd/about/;Unit 21, Burrough Court, Burrough on the Hill, Melton Mowbray, Leicestershire LE14 2QS, GB
https://www.linkedin.com/company/mytomorrows;Amsterdam, Noord Holland
https://www.linkedin.com/company/myvoice-ai/about;505 followers
https://www.linkedin.com/company/nagstudios/about;Stockholm,   SE
https://www.linkedin.com/company/nannyml/about;Leuven,   BE
https://www.linkedin.com/company/nayya/jobs;!!!!!! Error !!!!!!!
https://www.linkedin.com/company/near-space;New York, NY
https://www.linkedin.com/company/nearcut/about;Northwich
https://www.linkedin.com/company/nearsure;Vine St , 1601 6th Floor , Los Angeles , California 90028, US
https://www.linkedin.com/company/nectar-financial-ag;Schützengasse 4, Zurich,  8001, CH
https://www.linkedin.com/company/nervos/about;Earth, Earth 00000000, OO
https://www.linkedin.com/company/netdata-cloud/about;San Francisco
https://www.linkedin.com/company/netguru/about;ulica Male Garbary 9, Nowe Garbary Office Center, Poznań, Wielkopolskie 61-756, PL
https://www.linkedin.com/company/new-york-shipping-exchange-nyshex-;30 Broad Street, 14th Floor, New York, NY 10004, US
https://www.linkedin.com/company/nextme-inc-;20  N Upper Wacker Drive, 1200, Chicago, IL 60606, US
https://www.linkedin.com/company/nextrequest;433 Bryant St, San Francisco, California  US
https://www.linkedin.com/company/ng-voice-gmbh/about;Hamburg
https://www.linkedin.com/company/nicoya-lifesciences;29 King St E , Unit B, Kitchener, ON N2G 2K4, CA
https://www.linkedin.com/company/nightfall-ai;San Francisco, CA 94104, US
https://www.linkedin.com/company/nimble-robotics;San Francisco, CA 94103, US
https://www.linkedin.com/company/nimoplanet;1313 N Milpitas Blvd, Milpitas, California 95035, US
https://www.linkedin.com/company/nomod/about;London
https://www.linkedin.com/company/norlys-energy-trading/about;Over Bækken 6, Aalborg,  9000, DK
https://www.linkedin.com/company/northfork/about;Regeringsgatan 65, STOCKHOLM,  11156, SE
https://www.linkedin.com/company/notata/about;Oslo,   NO
https://www.linkedin.com/company/noteable-io/about;Cupertino, California  US
https://www.linkedin.com/company/novahealthlabs;Atlanta, GA 30319, US
https://www.linkedin.com/company/nth-opinion;!!!!!! Error !!!!!!!
https://www.linkedin.com/company/nudge-rewards;425 Adelaide St W #300, Toronto, Ontario M5V 3C1, CA
https://www.linkedin.com/company/numerai;101 California Street, San Francisco, California  US
https://www.linkedin.com/company/nutrisenseio/about;!!!!!! Error !!!!!!!
https://www.linkedin.com/company/nyansa-inc.;247 High Street, Palo Alto, CA 94301, US
https://www.linkedin.com/company/occupyd/about;24-25 St Andrew Square, Edinburgh, Scotland EH2 1AF, GB
https://www.linkedin.com/company/ocean-protocol/about;1 Irving Place, #08-11 , Singapore,  369546, SG
https://www.linkedin.com/company/octanise/about/;40 Bermondsey street, London, London SE1 3UD, GB
https://www.linkedin.com/company/octopus-energy-hatchery/about;London,   GB
https://www.linkedin.com/company/oddityai;Gansstraat 170, Utrecht, Utrecht 3582EP, NL
https://www.linkedin.com/company/oden-technologies-ltd-;New York
https://www.linkedin.com/company/ogury-ltd;London, London
https://www.linkedin.com/company/olla;Seattle, Washington
https://www.linkedin.com/company/ollieorder;2015 Main St, #2, Vancouver, British Columbia V5T 4L8, CA
https://www.linkedin.com/company/onboardio2;Birmingham, MI 48009, US
https://www.linkedin.com/company/oncamino;122 2nd Ave #200, San Mateo, California 94401, US
https://www.linkedin.com/company/one-click-contractor;879 W Carmel Drive, Carmel, IN 46032, US
https://www.linkedin.com/company/onecareinc;209 N. Walnut St., Suite 200, Batesville, IN 47006, US
https://www.linkedin.com/company/onesignal;2850 S Delaware St, 201, San Mateo, California 94403, US
https://www.linkedin.com/company/onewealthtech/about;Calgary,   CA
https://www.linkedin.com/company/oodrive/jobs;!!!!!! Error !!!!!!!
https://www.linkedin.com/company/opencities/;Melbourne, Victoria
https://www.linkedin.com/company/openlattice;333 Twin Dolphin Drive, Suite 370, Redwood City, California 94065, US
https://www.linkedin.com/company/opensea-io;205 Hudson St, New York,   US
https://www.linkedin.com/company/operantnetworks/about;!!!!!! Error !!!!!!!
https://www.linkedin.com/company/optimize-enterprises/jobs;!!!!!! Error !!!!!!!
https://www.linkedin.com/company/opyn;!!!!!! Error !!!!!!!
https://www.linkedin.com/company/orbitco;San Francisco, CA 94103, US
https://www.linkedin.com/company/orderlyhealth;2420 17th St, Suite 3004, Denver, CO 80202, US
https://www.linkedin.com/company/ori-living;Boston Seaport , Boston , MA  02210, US
https://www.linkedin.com/company/orka-technology-group/about;XYZ Building, 2 Hardman Boulevard, Manchester,  M3 3AQ, GB
https://www.linkedin.com/company/our-people-ltd/about;Bristol
https://www.linkedin.com/company/ourkollektiv/about;Aarhus,   DK
https://www.linkedin.com/company/outfund/about;London,   GB
https://www.linkedin.com/company/ovalmoney;183 - 185 Bermondsey Street, London , SE1  3UW, GB
https://www.linkedin.com/company/owners-room/about;Storgata 7, Oslo,  0155, NO
https://www.linkedin.com/company/pamind/about;Luntmakargatan 26, Stockholm,   SE
https://www.linkedin.com/company/panda-ai;Seattle, wa  US
https://www.linkedin.com/company/panoptyc/jobs;!!!!!! Error !!!!!!!
https://www.linkedin.com/company/panoramichq;1041 N Formosa Ave, Formosa West Building #500, West Hollywood, CA 90046, US
https://www.linkedin.com/company/papercliphq/about;Cardiff
https://www.linkedin.com/company/paradigmco;110 Wall St, New York,  10005, US
https://www.linkedin.com/company/parfumado;Koningin Wilhelminaplein 8, Amsterdam, Nederland 1062HK, NL
https://www.linkedin.com/company/parkman/about;Energiakatu 4, Energiakatu 4, Helsinki,  00180, FI
https://www.linkedin.com/company/paronetv/;245 8th Ave, #1003, New York, NY 10011, US
https://www.linkedin.com/company/paubox;San Francisco, CA
https://www.linkedin.com/company/pensopay/about/;Vejle, DK
https://www.linkedin.com/company/perceptaai;Philadelphia, Pennsylvania 19104, US
https://www.linkedin.com/company/performativ/about;Applebys Plads 7, Copenhagen, Capital Region 1411, DK
https://www.linkedin.com/company/perimeterx/about/;San Mateo, California
https://www.linkedin.com/company/phaze;!!!!!! Error !!!!!!!
https://www.linkedin.com/company/phizzle;943 Howard Street, San Francisco, California 94103, US
https://www.linkedin.com/company/phonewagon;1133 Broadway, 723, New York, New York 10010, US
https://www.linkedin.com/company/pickware-gmbh/about;Goebelstr. 21, Darmstadt,  64293, DE
https://www.linkedin.com/company/piinpoint;151 Charles St W, Suite 100, Kitchener, Ontario  N2G 1H6, CA
https://www.linkedin.com/company/pilot-ai-labs;Headquarters, Palo Alto, CA 94306, US
https://www.linkedin.com/company/pixtunes/about;Heinrich-Roller-Straße 13, Berlin,  10405, DE
https://www.linkedin.com/company/plaace/about;Gaustadalléen 21, Oslo,  0349, NO
https://www.linkedin.com/company/plant-jammer/about;Dare 2 Mansion, Sortedam Dossering 59, Copenhagen, Greater Copenhagen 2100, DK
https://www.linkedin.com/company/plotly;5555 Avenue de Gaspé, #118, Montréal, QC  H2T 2A3, CA
https://www.linkedin.com/company/plutotechnology/about;!!!!!! Error !!!!!!!
https://www.linkedin.com/company/pocketsuite;San Francisco, California 94104, US
https://www.linkedin.com/company/polaranalytics/about;Paris
https://www.linkedin.com/company/policymehq;325 Front St W, Toronto, Ontario M5V 2Y1, CA
https://www.linkedin.com/company/popswap/about;Stockholm,   SE
https://www.linkedin.com/company/postera-ai;Santa Clara St, Santa Clara, California 95050, US
https://www.linkedin.com/company/practocol/about;P.O.B. 81095, Rotterdam,  3009 GB, NL
https://www.linkedin.com/company/prepdd;55 W Monroe St, Chicago, Illinois 60603, US
https://www.linkedin.com/company/presspage-com/about;Amsterdam
https://www.linkedin.com/company/priceedge/about;Stockholm
https://www.linkedin.com/company/primarybid/;Royal Institution, 21 Albemarle Street, London, London W1S 4BS, GB
https://www.linkedin.com/company/private-chef-club;San Francisco, CA  US
https://www.linkedin.com/company/proemion;Fulda
https://www.linkedin.com/company/prolific-academic/about;London,   GB
https://www.linkedin.com/company/prologue-ai;186 Avenue de Trenton, Montreal, Quebec H3P1Z4, CA
https://www.linkedin.com/company/proton-ai;Cambridge, Massachusetts  US
https://www.linkedin.com/company/proxxi;600-401 W Georgia St, Vancouver, British Columbia V6B 5A1, CA
https://www.linkedin.com/company/pubfront/about;103 followers
https://www.linkedin.com/company/pulsem-sms;17304 Preston Rd, Dallas, Texas 75252, US
https://www.linkedin.com/company/purposely;318-1199 W Pender St, Vancouver, British Columbia  CA
https://www.linkedin.com/company/pushappy/about;Styckjunkargatan 1, Stockholm,  114 35, SE
https://www.linkedin.com/company/pyramid-analytics/about;Amsterdam
https://www.linkedin.com/company/q-bio;1411 Industrial Rd, San Carlos, California 94070, US
https://www.linkedin.com/company/qilibri;paris,  75002, FR
https://www.linkedin.com/company/quant-finance-crypto/about;450 Lexington Ave, New York,  10022, US
https://www.linkedin.com/company/quantifi-inc/jobs;!!!!!! Error !!!!!!!
https://www.linkedin.com/company/questdb/about;471 followers
https://www.linkedin.com/company/quill-org;41 E 11th St, 11th Floor, New York, NY 10003, US
https://www.linkedin.com/company/quillbot;401 N Michigan Ave. Suite 1292, Chicago, IL 60611, US
https://www.linkedin.com/company/quimbee/about;US
https://www.linkedin.com/company/r-a-i-s;89b Quicks Road, The Old Church, Wimbledon, England SW19 1EX, GB
https://www.linkedin.com/company/raddle;San Francisco, CA 94124, US
https://www.linkedin.com/company/radiate-inc-/about;!!!!!! Error !!!!!!!
https://www.linkedin.com/company/raklet;4347 20th St, San Francisco, California  US
https://www.linkedin.com/company/rankbreeze/about;Calgary,   CA
https://www.linkedin.com/company/ready2order-gmbh/about;Wien
https://www.linkedin.com/company/realifetech/about;London
https://www.linkedin.com/company/recess/about;!!!!!! Error !!!!!!!
https://www.linkedin.com/company/rechargecom/about;Amsterdam,   NL
https://www.linkedin.com/company/referral-rock/about;!!!!!! Error !!!!!!!
https://www.linkedin.com/company/refurbed/about;Wien,  1020, AT
https://www.linkedin.com/company/rendered-text/;Svetozara Miletića 10, Novi Sad, Vojvodina 21000, RS
https://www.linkedin.com/company/repairshopr/about;!!!!!! Error !!!!!!!
https://www.linkedin.com/company/resilience-health-pbc;New York, NY 10016, US
https://www.linkedin.com/company/resoluteai/;33 Irving Pl, New York, New York 10003, US
https://www.linkedin.com/company/respo-vision/about;Warsaw,   PL
https://www.linkedin.com/company/ridgecloud;Arieh Shenkar 4, Herzelia, Israel 42850, IL
https://www.linkedin.com/company/ringba/;8 The Green, Dover, Delaware 19901, US
https://www.linkedin.com/company/ringostat/about/;Odesa
https://www.linkedin.com/company/riparian-llc/;Pasadena, CA
https://www.linkedin.com/company/riseuplabs/about;Dhaka
https://www.linkedin.com/company/rize-social-media;!!!!!! Error !!!!!!!
https://www.linkedin.com/company/rocketbnk/about/;!!!!!! Error !!!!!!!
https://www.linkedin.com/company/rossum/about;London
https://www.linkedin.com/company/routable;2567 Mission St, San Francisco, California 94110, US
https://www.linkedin.com/company/runtheworld365/about;Mountain View ,   US
https://www.linkedin.com/company/rupahealth;1550 Bryant St, San Francisco, California  US
https://www.linkedin.com/company/safegraph;Denver, Colorado
https://www.linkedin.com/company/salpo-technologies-ltd/;71-75 Shelton Street, London, London WC2H 9JQ, GB
https://www.linkedin.com/company/scanmarket/about;Worldwide
https://www.linkedin.com/company/selfdecode;CA
https://www.linkedin.com/company/selma-finance/about;Zürich
https://www.linkedin.com/company/semiotic-labs;Bargelaan 24, Leiden, South Holland 2333, NL
https://www.linkedin.com/company/sempre-health;114 Sansome St, Suite 920, San Francisco, California 94104, US
https://www.linkedin.com/company/sendible/about;3rd Floor, 311 Ballards Lane, London,  N12 8LY, GB
https://www.linkedin.com/company/sendowl/about;London,   GB
https://www.linkedin.com/company/sequesto/about;Antwerp,   BE
https://www.linkedin.com/company/serendip-app/about;London,   GB
https://www.linkedin.com/company/sewerai;Walnut Creek, CA  US
https://www.linkedin.com/company/shapecast/;109 Borough High Street, London,  SE1 1NL, GB
https://www.linkedin.com/company/shipamax/about;London,   GB
https://www.linkedin.com/company/shopcreator/;Brookfield Court, Selby Road, Leeds, West Yorkshire LS25 1NB, GB
https://www.linkedin.com/company/shoppingminds/about;Vondellaan 136 - 140, Utrecht,  3521 GH, NL
https://www.linkedin.com/company/shotcall;859 Spring St NW, Atlanta, Georgia 30308, US
https://www.linkedin.com/company/showmojo/about;!!!!!! Error !!!!!!!
https://www.linkedin.com/company/showpad/about;Ghent
https://www.linkedin.com/company/shurenordics/about;Ørestads Boulevard 73, Copenhagen S,  2300, DK
https://www.linkedin.com/company/shuup;Santa Monica, California
https://www.linkedin.com/company/sidelineswap-inc-;52 Roland St, Boston, Massachusetts  US
https://www.linkedin.com/company/sideways-6/about;Unit 2, 27 Corsham Street, London,  N16DR, GB
https://www.linkedin.com/company/signalvine/about/;811 North Royal Street, Alexandria, VA 22314, US
https://www.linkedin.com/company/silamoney;920 SW 6th Ave, Portland, Oregon  US
https://www.linkedin.com/company/siloai/about;Helsinki
https://www.linkedin.com/company/simplesense;19 Morris Ave, Bldg 128, Brooklyn, New York 11205, US
https://www.linkedin.com/company/sinope-technologies;705, avenue Montrichard, St-Jean-sur-richelieu, Québec J2X 5K8, CA
https://www.linkedin.com/company/sippd;3202 Tower Oaks Blvd., Suite 200, Rockville, MD 20852, US
https://www.linkedin.com/company/sisu-data;535 Mission St, Suite 1100, San Francisco, California 94105, US
https://www.linkedin.com/company/skillgrower-oy/about;Espoo,   FI
https://www.linkedin.com/company/skillprint;Oakland, CA 94612, US
https://www.linkedin.com/company/skoach;Lisbon, Portugal 1050, PT
https://www.linkedin.com/company/skyfish/about;Odense N
https://www.linkedin.com/company/skyhive;815 W Hastings St, 800, Vancouver, British Columbia V6C 3N9, CA
https://www.linkedin.com/company/skyprep-lms;550 Queen St E, 335, Toronto, Ontario M5A 1V2, CA
https://www.linkedin.com/company/slab-inc/;995 Market St, San Francisco, California  US
https://www.linkedin.com/company/sleeperhq;1900 Ofarrell St, San Mateo, California 94403, US
https://www.linkedin.com/company/smart-access-inc./jobs;!!!!!! Error !!!!!!!
https://www.linkedin.com/company/smi-group-uk/;Haslemere, Surrey
https://www.linkedin.com/company/smoothcommerce;36 King St E, Toronto, Ontario M5C, CA
https://www.linkedin.com/company/sokanu;319 West Pender Street, Vancouver, British Columbia  CA
https://www.linkedin.com/company/solvemate;Friedrichstrasse 123, Berlin, Berlin 10117, DE
https://www.linkedin.com/company/somadetect/jobs;!!!!!! Error !!!!!!!
https://www.linkedin.com/company/spark-linkedin/;Dublin,   IE
https://www.linkedin.com/company/speedinvest/about;Wien, Wien
https://www.linkedin.com/company/spinupwp/about;!!!!!! Error !!!!!!!
https://www.linkedin.com/company/splinetool/about;Santiago,   CL
https://www.linkedin.com/company/spora-health/about;San Francisco, CA  US
https://www.linkedin.com/company/sportbuff/about;10 York Road, London,  SE1, GB
https://www.linkedin.com/company/sprouthr/?viewasmember=true;!!!!!! Error !!!!!!!
https://www.linkedin.com/company/spyscape/about;London
https://www.linkedin.com/company/stability-labs/about;!!!!!! Error !!!!!!!
https://www.linkedin.com/company/stamped-io/about;Victoria,  520706, CA
https://www.linkedin.com/company/standard-notes/about;!!!!!! Error !!!!!!!
https://www.linkedin.com/company/stantive-technologies-group-inc-/about/;Kingston, ON
https://www.linkedin.com/company/statera-health;Brookline, MA 02446, US
https://www.linkedin.com/company/steeprock-inc/about;Westport, CT
https://www.linkedin.com/company/stoicstrategies/about;Los Angeles, California
https://www.linkedin.com/company/storyboard-podcasts;Santa Monica, CA 90402, US
https://www.linkedin.com/company/stratodem;Cambridge, Massachusetts 02138, US
https://www.linkedin.com/company/stratumfive-ltd/about;Brighton,  BN43 6RE, GB
https://www.linkedin.com/company/studentfinance/about;28002, Madrid,   ES
https://www.linkedin.com/company/subtlemedical/;Menlo Park, California
https://www.linkedin.com/company/supertokens;New, New York  US
https://www.linkedin.com/company/sussioreviews;San Francisco, CA 94109, US
https://www.linkedin.com/company/swiperoom/about;Stockholm,   SE
https://www.linkedin.com/company/symblai;Seattle, Washington
https://www.linkedin.com/company/symend;Calgary, Alberta
https://www.linkedin.com/company/synaptive-medical/jobs;!!!!!! Error !!!!!!!
https://www.linkedin.com/company/synerscope-b-v-/jobs;!!!!!! Error !!!!!!!
https://www.linkedin.com/company/synthesia-technologies/about;London
https://www.linkedin.com/company/tailscale/jobs;!!!!!! Error !!!!!!!
https://www.linkedin.com/company/talentspacehq/about;New York, NY
https://www.linkedin.com/company/talnt-sh/about;London,   GB
https://www.linkedin.com/company/tandem-vault;8567 Higuera Street, Culver City, California 90232, US
https://www.linkedin.com/company/tangibleproductdesign;Stanford,   US
https://www.linkedin.com/company/tap-dating-inc;!!!!!! Error !!!!!!!
https://www.linkedin.com/company/taprecruit;90 BROAD ST, Suite 803, New York, New York 10004-2205, US
https://www.linkedin.com/company/taraxa-io;Santa Clara, California
https://www.linkedin.com/company/tartle;Paseo del Sol, Santa Fe, New Mexico 87507, US
https://www.linkedin.com/company/teamscope;Transistorweg 5, Nijmegen, Gelderland 6534 AT, NL
https://www.linkedin.com/company/teamwalnut/about;950 6th Ave, New York,  10001, US
https://www.linkedin.com/company/teliax;2150 W 29th Ave, Suite 200, Denver, Colorado 80211, US
https://www.linkedin.com/company/telna;90 Eglington Avenue East, 701, Toronto, Ontario M4P1A6, CA
https://www.linkedin.com/company/tempouk/about;Francis House, 11 Francis Street, London,  SW1P 1DE, GB
https://www.linkedin.com/company/teradici;#301-4601 Canada Way, Burnaby, BC V5G 4X7, CA
https://www.linkedin.com/company/tern-plc/about;London
https://www.linkedin.com/company/tespo;Detroit, Michigan 48170, US
https://www.linkedin.com/company/teton-ai/about;København,   DK
https://www.linkedin.com/company/the-bogo-app-inc.;229 Niagara St, Toronto, Ontario  CA
https://www.linkedin.com/company/the-faction-collective/about;Verbier
https://www.linkedin.com/company/the-guarantors/;New York City, New York
https://www.linkedin.com/company/the-happiness-planner;San Francisco, CA
https://www.linkedin.com/company/the-mada-app;New York,  10016, US
https://www.linkedin.com/company/the-weird-science;Utrecht, Utrecht
https://www.linkedin.com/company/the-yes;San Francisco, CA
https://www.linkedin.com/company/thecusp;San Francisco,   US
https://www.linkedin.com/company/thejanuargate/about;!!!!!! Error !!!!!!!
https://www.linkedin.com/company/thentwrk;Los Angeles, California 90046, US
https://www.linkedin.com/company/theseql/;1717 E Cary St, Richmond, Virginia 23223, US
https://www.linkedin.com/company/thinkific/jobs;!!!!!! Error !!!!!!!
https://www.linkedin.com/company/thresherio;0000, Washington, DC 20036, US
https://www.linkedin.com/company/thymebase/about;San Fransisco,   US
https://www.linkedin.com/company/tickets-for-good;387 Abbeydale Road, Abbeydale Picture House, Sheffield, England S7 1FS, GB
https://www.linkedin.com/company/tmrowco/about;Copenhagen, Copenhagen,   DK
https://www.linkedin.com/company/todesktop/jobs;Cork City, Cork IE, IE
https://www.linkedin.com/company/todylprotection;1001 Bannock St, Denver, Colorado 80204, US
https://www.linkedin.com/company/tokenizerplatform/?viewasmember=true;!!!!!! Error !!!!!!!
https://www.linkedin.com/company/tonicai;San Francisco, California
https://www.linkedin.com/company/topl;Houston,  77005, US
https://www.linkedin.com/company/toursbylocals/jobs;!!!!!! Error !!!!!!!
https://www.linkedin.com/company/tradeswell;3600 O'Donnell St, Suite 400, Baltimore, Maryland 21224, US
https://www.linkedin.com/company/tradobooks;Durham.ID, Durham, North Carolina 27701, US
https://www.linkedin.com/company/traitify;101 N. Haven St., #203, Baltimore, MD 21224, US
https://www.linkedin.com/company/travelbank/jobs;!!!!!! Error !!!!!!!
https://www.linkedin.com/company/travelcircus-com/about;Aroser Allee 76, Berlin,  13407, DE
https://www.linkedin.com/company/treasured;169 Enterprise Dr, Markham, Ontario L6G, CA
https://www.linkedin.com/company/treasuryprime;San Francisco, California 94108, US
https://www.linkedin.com/company/trekithealth/;3401 Market St, Philadelphia, Pennsylvania  US
https://www.linkedin.com/company/trendsales-aps/about;Langebrogade 6E, Copenhagen K,  1411, DK
https://www.linkedin.com/company/trialbee/about;Malmö
https://www.linkedin.com/company/triggdigital/;London, Greater London W1T 6QW, GB
https://www.linkedin.com/company/truedataco;555 W 5th Street, 35th Floor, Los Angeles, California 90013, US
https://www.linkedin.com/company/truenodeus;Boulder, Colorado 80301, US
https://www.linkedin.com/company/trulioo;Vancouver, British Columbia
https://www.linkedin.com/company/truphone/about;!!!!!! Error !!!!!!!
https://www.linkedin.com/company/trygroovetime;Silicone Valley
https://www.linkedin.com/company/trykarat/about;!!!!!! Error !!!!!!!
https://www.linkedin.com/company/turing-labs-inc;31 west 34th street, New York, New York 10001, CA
https://www.linkedin.com/company/tw%C3%B3jpsycholog/about;Warsaw,   PL
https://www.linkedin.com/company/twisto-cz/about;Prague 8, Czechia
https://www.linkedin.com/company/ubie-inc/about;Nihonbashi Muromachi, Tokyo,   JP
https://www.linkedin.com/company/ubiquity6/jobs;!!!!!! Error !!!!!!!
https://www.linkedin.com/company/ukufu/about;Sydney,   AU
https://www.linkedin.com/company/umaneo-technologies;125 boulevard Charest est, 101, québec, Québec g1k3g5, CA
https://www.linkedin.com/company/unboxt-inc;800 Battery Ave SE, Atlanta, GA 30339, US
https://www.linkedin.com/company/unchartedsoftware;Toronto, Ontario
https://www.linkedin.com/company/unioncrate;New York, NY
https://www.linkedin.com/company/uno-health/;New York , New York 10004, US
https://www.linkedin.com/company/unstoppable-domains;San Francisco, California
https://www.linkedin.com/company/upmail;191 Wood Lane, London, England W127SB, GB
https://www.linkedin.com/company/upvest/about;Torstraße 177, Berlin,  10115, DE
https://www.linkedin.com/company/useblueprint/about;blueprint, 138 Cambridge Heath Road, London,  E1 5QJ, GB
https://www.linkedin.com/company/usechalkboard/about;Manchester,   GB
https://www.linkedin.com/company/usehatchapp;1810 MacTavish Ave, Richmond, VA 23230, US
https://www.linkedin.com/company/usermind;83 Columbia St, Suite 305, Seattle, Washington 98104, US
https://www.linkedin.com/company/valencia-data;Remote First,   US
https://www.linkedin.com/company/vavato/;Sint-Niklaas, Oost-Vlaanderen
https://www.linkedin.com/company/vectrixio;San Francisco, CA 94103, US
https://www.linkedin.com/company/vetster;15 Glenforest Rd, Toronto, Ontario M4N 1Z7, CA
https://www.linkedin.com/company/viaduct-ai;1010 Doyle St, 200, Menlo Park, California 94025, US
https://www.linkedin.com/company/viafoura;261 Davenport Rd, Suite 200, Toronto, Ontario M5R 1K3, CA
https://www.linkedin.com/company/vidapplication;Los Angeles, CA 90028, US
https://www.linkedin.com/company/vidrovr;New York, New York 10010, US
https://www.linkedin.com/company/vigilance-sant-;440, rue Notre-Dame, Bureau 202, Repentigny, Quebec J6A 2T4, CA
https://www.linkedin.com/company/vincentlabs;New York City, New York 10012, US
https://www.linkedin.com/company/virgilsystems;123 Edward St, Toronto, Ontario M5G 1E2, CA
https://www.linkedin.com/company/visionairy-health/about;Boston
https://www.linkedin.com/company/visme;9211 Corporate Blvd, Rockville, Maryland 20850, US
https://www.linkedin.com/company/visotrust;San Francisco, CA 94105-9992, US
https://www.linkedin.com/company/visualist/;Curtain Road, London, England EC2A 3AR, GB
https://www.linkedin.com/company/vivologica/about;Wallingatan, Stockholm,   SE
https://www.linkedin.com/company/vocalmeet;Toronto, Ontario
https://www.linkedin.com/company/voicethread/;Durham, North Carolina, Durham, NC 27517, US
https://www.linkedin.com/company/vormats;Prinseneiland 12d, Amsterdam, Noord-Holland 1013, NL
https://www.linkedin.com/company/vxg-inc./jobs;!!!!!! Error !!!!!!!
https://www.linkedin.com/company/waiztech/about;!!!!!! Error !!!!!!!
https://www.linkedin.com/company/walletfi;201 W Main St, Durham, North Carolina 27701, US
https://www.linkedin.com/company/watrhub-inc;Toronto, Ontario
https://www.linkedin.com/company/wave-hq;235 Carlaw Ave., Suite 501, Toronto, ON M4M 2S1, CA
https://www.linkedin.com/company/wealthboxcrm/about;New York City,   US
https://www.linkedin.com/company/wealthtab/about;5333 Casgrain, Montreal,   CA
https://www.linkedin.com/company/wearevessel;San Diego, CA 92103, US
https://www.linkedin.com/company/weave-grid;San Francisco, California 94103, US
https://www.linkedin.com/company/weave-io-llc/about;Tokyo,   JP
https://www.linkedin.com/company/weezyuk/about;London,   GB
https://www.linkedin.com/company/wefox/about;Berlin, Berlin
https://www.linkedin.com/company/wenco-international-mining-systems;100 - 13777 Commerce Parkway, Richmond, BC V6V 2X3, CA
https://www.linkedin.com/company/white-rabbit-intel;306 W Franklin St, Suite F, Chapel Hill, North Carolina 27516, US
https://www.linkedin.com/company/willohq;USA and France,
https://www.linkedin.com/company/wisk;Toronto, Ontario
https://www.linkedin.com/company/wizenoze;London, England
https://www.linkedin.com/company/wluper_/about;322 High Holborn, London, United Kingdom,  WC1V 7PB, GB
https://www.linkedin.com/company/wordwall/about;!!!!!! Error !!!!!!!
https://www.linkedin.com/company/workplace-arcade/;Dallas, TX
https://www.linkedin.com/company/wrk-technologies;Montreal
https://www.linkedin.com/company/wysdomai/jobs;!!!!!! Error !!!!!!!
https://www.linkedin.com/company/xinaps/;Molengraaffsingel 10, Delft, South Holland 2629, NL
https://www.linkedin.com/company/xmargin;200 Buchanan St, Ste 122, San Francisco, California 94102, US
https://www.linkedin.com/company/yarnlab/about;Sydney
https://www.linkedin.com/company/yes-europe-ag/about;Lachen SZ, Schwyz
https://www.linkedin.com/company/yomento/about;Kyrkslingan, Stockholm,  111 49, SE
https://www.linkedin.com/company/your-virtual-gurus/jobs;!!!!!! Error !!!!!!!
https://www.linkedin.com/company/zadar-labs/?viewasmember=true;!!!!!! Error !!!!!!!
https://www.linkedin.com/company/zeltapp/about;25 Eccleston Place, Victoria, England SW1W 9NF, GB
https://www.linkedin.com/company/zensurance/about/;Toronto, Ontario
https://www.linkedin.com/company/zerodeposituk/about;Stevenage
https://www.linkedin.com/company/zesty-io;2044 First Avenue #200, San Diego, CA 92101, US
https://www.linkedin.com/company/ziggu/about;Luxembourg
https://www.linkedin.com/company/zighra;Ottawa, Ontario
https://www.linkedin.com/company/zipgen/about;Sydney, NSW  AU
https://www.linkedin.com/company/ziva-dynamics;319 West Pender Street Suite , 120, Vancouver, BC V6B 1T3, CA
https://www.linkedin.com/company/zoeticai;Santa Clara, California 95054, US
https://www.linkedin.com/company/zonzon-inc;!!!!!! Error !!!!!!!
https://www.linkedin.com/company/zytara/about;!!!!!! Error !!!!!!!
https://www.linkedin.com/in/alex-tarasevich-1b4861b7/;!!!!!! Error !!!!!!!
https://www.linkedin.com/sales/company/14863587;!!!!!! Error !!!!!!!
https://www.linkedin.com/sales/company/18071953;!!!!!! Error !!!!!!!
https://www.raisely.com/;!!!!!! Error !!!!!!!
